payment_id,vendor_id,payment_date,payment_amount,production_name
P0001,V037,2024-07-26,888.51,Envisioneer Best-Of-Breed E-Commerce
P0002,V035,2024-12-02,102.12,Generate World-Class Bandwidth
P0003,V044,2024-12-08,725.12,Grow Visionary Methodologies
P0004,V040,2024-05-07,836.83,Architect Collaborative Communities
P0005,V022,2024-12-18,465.48,Repurpose Strategic Technologies
P0006,V027,2024-05-23,906.71,Deliver Open-Source Infrastructures
P0007,V035,2024-10-01,94.23,Transition Web-Enabled Methodologies
P0008,V001,2025-01-02,104.15,Monetize Magnetic Solutions
P0009,V035,2024-12-04,1242.77,Orchestrate Proactive Paradigms
P0010,V037,2024-11-27,572.28,Incentivize Collaborative E-Business
P0011,V047,2024-11-11,234.24,Iterate Intuitive Bandwidth
P0012,V014,2024-08-22,807.25,Deploy Dynamic Architectures
P0013,V003,2025-04-20,1166.49,Synthesize Wireless Action-Items
P0014,V001,2024-08-01,362.94,Orchestrate Clicks-And-Mortar Platforms
P0015,V005,2024-07-10,953.19,Revolutionize Cutting-Edge E-Services
P0016,V026,2025-01-07,173.75,Reinvent Plug-And-Play Markets
P0017,V014,2025-01-25,124.94,Engage Interactive Initiatives
P0018,V039,2024-08-22,820.46,Target Global Bandwidth
P0019,V027,2024-07-23,833.92,Repurpose Turn-Key Systems
P0020,V009,2024-08-03,974.27,Re-Intermediate Cutting-Edge Schemas
P0021,V015,2024-09-22,1102.83,Grow Granular Info-Mediaries
P0022,V015,2024-06-11,1464.99,Grow Back-End Action-Items
P0023,V026,2025-01-07,798.64,E-Enable Efficient Deliverables
P0024,V042,2024-12-28,518.29,Synthesize Web-Enabled Niches
P0025,V013,2024-08-16,1203.02,Grow Intuitive Technologies
P0026,V032,2024-10-16,442.71,Incentivize Real-Time Supply-Chains
P0027,V039,2024-08-22,686.51,Harness Strategic Channels
P0028,V049,2025-04-17,163.76,Orchestrate Bleeding-Edge Architectures
P0029,V032,2025-02-07,86.76,Scale B2C E-Tailers
P0030,V004,2025-04-20,1445.84,Optimize Next-Generation E-Markets
P0031,V030,2024-05-20,1262.17,Facilitate Plug-And-Play E-Markets
P0032,V037,2024-04-25,1059.16,Streamline Best-Of-Breed E-Markets
P0033,V023,2024-10-16,642.98,Synergize Vertical Networks
P0034,V039,2024-12-19,301.28,Synergize Compelling Synergies
P0035,V045,2024-11-26,276.83,Seize Seamless Architectures
P0036,V015,2024-05-30,412.85,Iterate Next-Generation Users
P0037,V043,2024-05-20,846.38,Extend Magnetic Models
P0038,V029,2024-11-16,1086.16,Enhance Real-Time E-Commerce
P0039,V036,2024-07-13,1007.29,Synthesize Proactive Architectures
P0040,V013,2024-11-04,455.9,Facilitate Wireless Communities
P0041,V032,2024-08-02,1434.55,E-Enable Plug-And-Play Channels
P0042,V007,2024-06-12,1119.95,Re-Intermediate Proactive Interfaces
P0043,V022,2025-04-19,853.81,Benchmark Proactive Infrastructures
P0044,V028,2024-09-04,937.0,Visualize Cutting-Edge Channels
P0045,V002,2025-03-30,658.42,Cultivate Plug-And-Play Roi
P0046,V042,2024-05-18,409.21,Streamline Back-End Architectures
P0047,V045,2025-03-29,566.16,Harness Killer Bandwidth
P0048,V006,2024-07-25,1148.88,Harness Cross-Platform Architectures
P0049,V028,2024-09-12,70.87,Empower Next-Generation Portals
P0050,V028,2024-08-10,218.31,E-Enable Strategic Info-Mediaries
P0051,V044,2024-06-22,116.7,Utilize Scalable Convergence
P0052,V044,2024-10-09,109.06,Enhance Innovative Experiences
P0053,V020,2025-03-11,1290.42,Integrate Proactive Action-Items
P0054,V030,2024-11-18,1070.3,Aggregate Vertical E-Business
P0055,V011,2025-01-20,737.55,Orchestrate Web-Enabled Channels
P0056,V028,2024-08-17,191.86,Syndicate One-To-One Networks
P0057,V025,2024-12-15,762.84,Architect Plug-And-Play Portals
P0058,V039,2025-03-01,736.53,Revolutionize Out-Of-The-Box Communities
P0059,V033,2024-12-31,301.14,Expedite One-To-One Communities
P0060,V001,2024-11-13,679.08,Monetize Sticky Applications
P0061,V027,2024-04-25,627.83,Utilize Extensible Networks
P0062,V013,2025-01-06,942.98,Innovate Enterprise Interfaces
P0063,V041,2025-03-05,970.89,Unleash 24/365 Partnerships
P0064,V003,2024-11-23,115.69,Benchmark Interactive Platforms
P0065,V039,2024-08-16,593.19,Scale Seamless Methodologies
P0066,V006,2025-04-18,957.5,Expedite 24/7 Networks
P0067,V008,2025-01-04,779.55,Generate Revolutionary Convergence
P0068,V027,2024-06-01,1291.91,Incubate Cutting-Edge Web Services
P0069,V009,2025-04-21,1005.11,Disintermediate Innovative Mindshare
P0070,V037,2025-03-29,286.25,Visualize Cross-Platform Synergies
P0071,V033,2024-06-13,152.32,Iterate Next-Generation Models
P0072,V042,2024-08-02,981.51,Transform User-Centric Relationships
P0073,V044,2024-06-05,88.44,Whiteboard Ubiquitous Eyeballs
P0074,V024,2025-04-02,899.37,Brand Virtual Deliverables
P0075,V015,2024-06-02,1413.33,Visualize Real-Time E-Business
P0076,V032,2025-02-04,884.44,Exploit Compelling Bandwidth
P0077,V032,2024-11-22,612.85,Brand Real-Time Vortals
P0078,V024,2024-06-21,982.77,Iterate Interactive Infrastructures
P0079,V041,2024-08-05,714.47,Empower Customized Action-Items
P0080,V049,2024-08-09,841.14,Engineer Plug-And-Play Networks
P0081,V049,2024-12-12,1415.12,Re-Intermediate Enterprise Supply-Chains
P0082,V012,2024-07-12,609.85,Utilize Rich Vortals
P0083,V039,2025-01-25,1443.73,Reinvent Holistic E-Tailers
P0084,V002,2024-09-02,1362.76,Seize Back-End Supply-Chains
P0085,V003,2024-07-10,333.9,Empower Efficient Schemas
P0086,V049,2025-01-13,150.57,Implement Dynamic Infrastructures
P0087,V037,2024-12-24,196.13,Incentivize Transparent Models
P0088,V049,2025-03-19,76.42,Engage Web-Enabled Info-Mediaries
P0089,V017,2024-08-02,186.94,Visualize Holistic Systems
P0090,V049,2024-11-04,1040.36,Generate Vertical Infrastructures
P0091,V002,2024-10-28,153.22,Envisioneer Magnetic Interfaces
P0092,V002,2024-07-28,512.51,Scale Interactive Content
P0093,V028,2025-04-08,1275.07,Repurpose Out-Of-The-Box Info-Mediaries
P0094,V023,2025-04-09,83.74,Engage Cross-Media E-Commerce
P0095,V037,2025-03-16,1230.98,Extend Open-Source Convergence
P0096,V032,2024-05-11,458.69,Scale Ubiquitous Niches
P0097,V033,2024-05-27,221.34,Monetize Dot-Com E-Services
P0098,V001,2024-12-24,1060.27,Embrace Dynamic Vortals
P0099,V019,2024-10-03,961.97,Embrace Viral Solutions
P0100,V002,2025-03-10,1322.33,Architect Compelling Niches
P0101,V044,2024-08-07,1115.85,Drive Front-End Platforms
P0102,V026,2024-05-09,1215.05,E-Enable Dynamic Technologies
P0103,V032,2024-04-23,458.95,Enhance Bricks-And-Clicks Roi
P0104,V006,2024-08-29,307.29,Monetize Value-Added Users
P0105,V032,2025-02-15,1138.39,Enable Efficient Paradigms
P0106,V004,2024-06-11,1219.91,Streamline Distributed Channels
P0107,V011,2024-12-25,1486.23,Whiteboard Holistic Platforms
P0108,V017,2024-08-01,648.3,Cultivate Value-Added Networks
P0109,V038,2024-06-23,589.43,Envisioneer Collaborative Info-Mediaries
P0110,V024,2025-02-03,1175.8,Grow Cross-Platform Roi
P0111,V005,2024-10-10,544.17,Streamline Dot-Com Info-Mediaries
P0112,V034,2024-11-22,1399.6,Embrace Innovative Interfaces
P0113,V006,2025-01-21,1294.7,Synthesize Intuitive Networks
P0114,V022,2024-10-05,672.04,Whiteboard Scalable Eyeballs
P0115,V011,2024-11-25,1138.76,Orchestrate Seamless Infrastructures
P0116,V048,2024-04-25,1144.09,Incentivize 24/7 Schemas
P0117,V016,2024-06-04,199.53,Engineer Next-Generation Metrics
P0118,V033,2024-05-21,1358.7,Expedite Magnetic Deliverables
P0119,V009,2025-03-30,782.62,Synergize Customized Systems
P0120,V006,2025-01-15,1248.36,Monetize Cutting-Edge Content
P0121,V016,2025-04-08,514.07,Maximize Leading-Edge E-Business
P0122,V029,2024-06-18,1348.51,Extend Mission-Critical E-Tailers
P0123,V003,2024-11-19,614.34,Whiteboard Killer Portals
P0124,V020,2024-05-05,65.71,Repurpose Strategic Communities
P0125,V036,2025-03-12,1362.8,Incentivize Virtual Schemas
P0126,V019,2024-09-12,182.37,Optimize Granular Synergies
P0127,V026,2024-12-04,513.0,Deploy Customized Metrics
P0128,V003,2024-11-22,1427.59,Syndicate Distributed Paradigms
P0129,V019,2024-06-18,1428.38,Enhance Front-End Technologies
P0130,V020,2024-10-05,881.48,Scale Ubiquitous Partnerships
P0131,V032,2024-06-10,966.16,Innovate Bleeding-Edge Portals
P0132,V007,2024-05-08,700.25,Generate 24/365 E-Commerce
P0133,V041,2024-08-19,475.16,Embrace Magnetic Experiences
P0134,V033,2024-09-10,526.56,Orchestrate Real-Time Eyeballs
P0135,V040,2025-04-06,1025.15,Optimize Leading-Edge Communities
P0136,V039,2025-04-19,1140.94,Generate Extensible Metrics
P0137,V018,2025-02-25,1197.79,Extend Front-End Systems
P0138,V040,2025-03-22,1194.95,Embrace Plug-And-Play Content
P0139,V001,2024-05-07,182.25,Scale Wireless Niches
P0140,V011,2025-04-06,766.91,Deliver Rich Systems
P0141,V028,2024-09-07,133.46,Evolve Revolutionary E-Commerce
P0142,V025,2024-07-12,846.82,Extend World-Class Metrics
P0143,V050,2025-01-11,690.22,Morph Proactive Infrastructures
P0144,V023,2024-07-27,1337.17,Enhance Vertical Methodologies
P0145,V031,2025-01-06,558.83,Transition Real-Time Networks
P0146,V030,2024-05-31,219.75,Integrate Virtual Info-Mediaries
P0147,V042,2024-09-06,257.34,Mesh Visionary Niches
P0148,V035,2025-02-18,1154.19,Reinvent User-Centric Functionalities
P0149,V007,2024-11-25,946.42,Transition Holistic Infrastructures
P0150,V016,2025-03-31,196.63,Syndicate Cross-Media E-Markets
P0151,V026,2025-03-27,171.95,Facilitate World-Class Web Services
P0152,V048,2024-09-26,1066.41,Transform Granular Supply-Chains
P0153,V049,2024-12-19,155.51,Deploy Rich Technologies
P0154,V002,2025-02-07,1241.7,Repurpose Wireless Schemas
P0155,V001,2024-06-21,1074.05,Integrate Ubiquitous Infrastructures
P0156,V048,2025-04-16,167.96,Harness Dot-Com Vortals
P0157,V012,2025-04-18,173.01,Embrace Wireless Mindshare
P0158,V005,2024-07-22,1480.63,Transition Clicks-And-Mortar Web Services
P0159,V037,2025-03-23,592.69,Cultivate Plug-And-Play E-Markets
P0160,V032,2024-06-24,587.43,Streamline Dynamic Deliverables
P0161,V009,2025-02-26,1228.56,Disintermediate Rich Functionalities
P0162,V041,2025-03-02,1423.51,Grow Scalable E-Tailers
P0163,V035,2024-06-29,1479.7,Empower End-To-End Technologies
P0164,V019,2025-03-30,1142.4,Grow Holistic Initiatives
P0165,V048,2024-09-29,595.58,Utilize Web-Enabled Communities
P0166,V016,2024-05-01,171.08,Monetize Value-Added Schemas
P0167,V003,2024-06-30,1176.86,Deploy E-Business E-Services
P0168,V020,2025-02-02,859.69,E-Enable One-To-One Bandwidth
P0169,V024,2025-04-16,665.12,Embrace B2C Models
P0170,V033,2024-08-29,1364.21,Re-Contextualize Distributed Mindshare
P0171,V024,2025-02-19,211.24,Unleash Real-Time E-Markets
P0172,V011,2025-04-18,764.31,E-Enable Compelling Info-Mediaries
P0173,V049,2024-09-28,66.46,Incentivize Ubiquitous Schemas
P0174,V008,2025-02-27,729.56,Orchestrate Integrated Solutions
P0175,V036,2025-01-07,131.64,Redefine Global Partnerships
P0176,V038,2025-03-23,222.29,Empower Next-Generation Supply-Chains
P0177,V040,2025-02-01,220.41,Re-Contextualize Real-Time Synergies
P0178,V020,2025-03-02,991.35,Envisioneer Seamless Applications
P0179,V035,2024-07-27,1131.77,Benchmark Holistic Eyeballs
P0180,V048,2024-08-03,895.88,Grow Compelling Convergence
P0181,V025,2024-06-22,1445.15,Facilitate Enterprise Bandwidth
P0182,V035,2025-02-21,593.56,Re-Contextualize World-Class Solutions
P0183,V025,2025-01-19,464.28,Scale Web-Enabled Networks
P0184,V029,2024-06-02,1309.47,Synergize Bleeding-Edge E-Markets
P0185,V018,2024-09-17,374.21,Integrate Turn-Key Info-Mediaries
P0186,V046,2025-03-26,1446.67,Unleash Enterprise Architectures
P0187,V018,2024-05-07,67.62,Repurpose B2C Models
P0188,V002,2025-03-21,1456.32,Integrate End-To-End Mindshare
P0189,V035,2024-10-21,112.58,Benchmark Open-Source Platforms
P0190,V016,2024-07-17,1342.16,Cultivate Visionary Platforms
P0191,V041,2024-07-08,815.17,Mesh Ubiquitous Synergies
P0192,V036,2025-03-05,1489.8,Drive B2B E-Markets
P0193,V033,2025-04-13,157.01,Cultivate B2C Partnerships
P0194,V004,2024-10-17,853.09,Syndicate Back-End Supply-Chains
P0195,V033,2024-09-04,1455.49,Re-Intermediate Impactful Experiences
P0196,V014,2024-08-18,808.49,Evolve Open-Source Methodologies
P0197,V021,2025-03-06,962.63,Iterate Enterprise Vortals
P0198,V048,2025-02-24,1058.84,Whiteboard Holistic Users
P0199,V020,2025-03-26,709.08,Integrate Innovative Action-Items
P0200,V008,2024-07-19,959.96,Whiteboard Front-End E-Services
P0201,V007,2024-07-17,897.26,Extend E-Business E-Commerce
P0202,V003,2024-05-01,1356.68,Transform Mission-Critical Systems
P0203,V017,2025-01-03,115.9,Leverage Seamless Web-Readiness
P0204,V033,2024-07-06,457.4,Integrate World-Class Markets
P0205,V048,2024-09-23,1428.1,Envisioneer Synergistic Relationships
P0206,V012,2024-08-27,1340.88,Brand B2B Action-Items
P0207,V022,2024-08-08,710.7,Mesh Transparent Networks
P0208,V022,2025-03-23,949.19,Innovate Viral Communities
P0209,V046,2024-05-18,452.2,Reinvent Strategic E-Business
P0210,V030,2025-02-16,322.78,Cultivate Enterprise E-Business
P0211,V038,2024-08-08,722.36,Innovate Web-Enabled Models
P0212,V038,2024-09-05,562.36,Redefine B2B E-Services
P0213,V045,2024-12-27,896.3,Target Dot-Com Bandwidth
P0214,V008,2024-11-05,162.72,Morph Value-Added Bandwidth
P0215,V027,2024-09-24,1462.87,Productize Front-End Methodologies
P0216,V027,2025-01-10,1480.01,Incubate Granular Partnerships
P0217,V034,2025-03-15,1062.33,Grow Cross-Media Applications
P0218,V021,2024-11-16,827.34,Monetize Cutting-Edge Portals
P0219,V030,2024-08-28,498.82,Target Seamless Solutions
P0220,V033,2025-04-21,1230.0,Synergize Compelling Platforms
P0221,V028,2024-05-02,1042.86,Incentivize Enterprise Networks
P0222,V047,2024-06-05,285.79,Seize Distributed Technologies
P0223,V033,2025-03-28,1370.84,Utilize Impactful Niches
P0224,V005,2024-08-01,1242.68,Implement Scalable Metrics
P0225,V048,2024-06-30,1427.21,Extend Rich Technologies
P0226,V019,2024-12-03,1102.29,Revolutionize Bleeding-Edge Metrics
P0227,V004,2024-08-03,939.45,Exploit Synergistic E-Services
P0228,V035,2024-05-06,656.45,Whiteboard Dynamic E-Business
P0229,V049,2024-06-03,1402.46,Morph Global Functionalities
P0230,V017,2024-12-09,1305.79,Transform Revolutionary Content
P0231,V044,2024-10-07,115.57,Generate Visionary Paradigms
P0232,V028,2024-09-03,88.23,Benchmark Bricks-And-Clicks Channels
P0233,V030,2025-01-29,595.87,Evolve Distributed Vortals
P0234,V029,2025-02-21,1225.3,Extend Next-Generation Roi
P0235,V046,2024-08-21,1481.55,Aggregate End-To-End Users
P0236,V006,2024-10-08,268.1,Matrix Bricks-And-Clicks Deliverables
P0237,V035,2024-12-13,911.49,Deliver Real-Time Communities
P0238,V041,2024-11-06,602.29,Morph Compelling Technologies
P0239,V037,2024-06-05,1456.38,Extend Cross-Platform Initiatives
P0240,V024,2024-09-18,1271.07,Target Intuitive Eyeballs
P0241,V029,2025-04-06,1265.58,Engineer Magnetic Methodologies
P0242,V049,2024-12-01,729.61,Drive Impactful Schemas
P0243,V046,2024-07-04,651.49,Disintermediate E-Business Interfaces
P0244,V031,2024-07-29,446.44,Implement Back-End Users
P0245,V035,2024-05-09,131.74,Embrace Ubiquitous Relationships
P0246,V033,2025-01-22,1303.85,Innovate Back-End Applications
P0247,V021,2024-10-08,1228.71,Synergize Out-Of-The-Box Platforms
P0248,V032,2024-04-22,1499.59,Innovate Bleeding-Edge Info-Mediaries
P0249,V023,2024-11-09,1495.12,Utilize World-Class E-Business
P0250,V033,2025-04-16,855.38,Enhance Innovative Functionalities
P0251,V003,2025-03-01,1165.03,Transition Plug-And-Play Content
P0252,V018,2024-11-17,1419.91,Visualize Transparent Initiatives
P0253,V025,2025-01-13,1281.99,Enable Revolutionary Paradigms
P0254,V042,2025-01-26,408.65,Monetize Rich Initiatives
P0255,V031,2025-04-22,703.29,Transform Web-Enabled Users
P0256,V003,2025-02-04,237.28,Enable Integrated Bandwidth
P0257,V040,2025-02-02,1433.37,Disintermediate Next-Generation Applications
P0258,V046,2025-01-07,928.95,Extend B2C E-Markets
P0259,V024,2024-07-07,381.53,Visualize Mission-Critical Models
P0260,V050,2024-09-10,1023.97,Re-Intermediate Transparent Niches
P0261,V032,2024-10-06,946.29,Integrate Out-Of-The-Box E-Tailers
P0262,V047,2024-05-19,569.34,Grow Visionary Action-Items
P0263,V022,2025-01-04,214.66,Iterate Bricks-And-Clicks Platforms
P0264,V023,2025-04-14,1023.78,Innovate Out-Of-The-Box Users
P0265,V002,2024-08-28,804.45,Productize Synergistic Markets
P0266,V027,2024-12-20,1169.86,Strategize Efficient Solutions
P0267,V042,2024-08-21,804.24,Embrace Ubiquitous Infrastructures
P0268,V002,2025-01-04,1285.66,Repurpose Killer Experiences
P0269,V026,2025-03-17,850.26,Whiteboard Vertical Markets
P0270,V017,2024-06-09,863.36,Generate Open-Source Action-Items
P0271,V040,2025-01-26,1321.15,Enable Best-Of-Breed Partnerships
P0272,V033,2025-04-06,635.05,E-Enable Best-Of-Breed Applications
P0273,V009,2024-08-16,244.32,Architect Bleeding-Edge Supply-Chains
P0274,V043,2024-11-04,91.73,Revolutionize B2B Metrics
P0275,V048,2024-08-20,1144.95,Implement Efficient Eyeballs
P0276,V039,2025-01-05,949.45,Enable Dot-Com Roi
P0277,V029,2024-09-27,1070.92,Embrace Proactive Channels
P0278,V042,2024-08-26,358.8,Implement Synergistic Action-Items
P0279,V026,2024-09-25,247.74,Benchmark World-Class Web-Readiness
P0280,V035,2025-01-17,71.09,Reinvent Back-End Markets
P0281,V050,2024-08-14,558.35,Enable Next-Generation Deliverables
P0282,V025,2024-11-23,905.38,Embrace Innovative Info-Mediaries
P0283,V024,2024-06-10,618.75,Grow Bricks-And-Clicks Mindshare
P0284,V013,2024-07-05,684.34,Benchmark Sticky Systems
P0285,V007,2024-10-02,1361.03,Deliver Magnetic E-Business
P0286,V036,2025-01-05,554.97,Integrate Seamless Bandwidth
P0287,V045,2025-04-22,795.28,Visualize Proactive Markets
P0288,V020,2024-09-16,1186.3,Syndicate Wireless E-Commerce
P0289,V001,2025-01-10,624.99,Innovate Sticky Models
P0290,V008,2025-02-06,952.03,Unleash Visionary Partnerships
P0291,V046,2025-04-07,1300.43,Productize Strategic Vortals
P0292,V016,2024-06-28,1426.8,Expedite B2B Partnerships
P0293,V014,2024-12-17,263.26,Enable Efficient E-Business
P0294,V012,2024-11-29,1393.55,Whiteboard World-Class Architectures
P0295,V023,2024-08-16,763.57,Expedite Distributed Bandwidth
P0296,V015,2024-09-26,424.45,Deliver User-Centric Platforms
P0297,V028,2024-11-20,715.75,Generate One-To-One Experiences
P0298,V034,2025-03-11,1471.05,Visualize Killer E-Commerce
P0299,V002,2024-04-22,764.3,Grow Bleeding-Edge E-Markets
P0300,V032,2024-08-18,526.69,Facilitate Ubiquitous Interfaces
